Sector,Total_Value,Number_of_Companies,Sector_ID
Agriculture,33495695669.864445,2,1
Energy,33255367287.70616,2,2
Financials,32624054133.138496,2,3
ICT,63202933037.697586,4,4
Manufacturing,34779531124.47888,2,5
Mining,113306216585.62459,7,6
Real Estate,16723597755.510357,1,7
Transport,48588515253.37875,3,8
